PA_name,park,Area_km2,hmi_mean,hmi_stdDev,hmi_count,treecover2000_mean,treecover2000_stdDev,treecover2000_count,forest_loss_mean,forest_loss_stdDev,forest_loss_count,ndvi_mean_mean,ndvi_mean_stdDev,ndvi_mean_count,ndvi_trend_mean,ndvi_trend_stdDev,ndvi_trend_count,fire_frequency_mean,fire_frequency_stdDev,fire_frequency_count,cropland_mean,cropland_stdDev,cropland_count,built_up_mean,built_up_stdDev,built_up_count,elevation_mean,elevation_stdDev,elevation_count
BC 1,Biological Corridor 1,255.548612,0.1303812162263826,0.014445496756295844,3442,33.67087780147784,30.208225861997512,3442,0.0029440137371046934,0.06364635817045142,3442,0.4524018767167607,0.16418265038280716,3442,0.0011240336242671568,0.001368820963795201,3442,0.005286785232124626,0.07010417496812117,3442,0.0,0.0,3442,0.0,0.0,3442,3879.781740529216,514.9222091604054,3442
BC 2,Biological Corridor 2,291.757619,0.15486884903874423,0.04234872735127524,3916,67.34438336494466,17.773950988364017,3916,0.007550283430310431,0.08573607273334241,3916,0.6281945798437357,0.09666620511355374,3916,0.000858606781384828,0.0010741210335892435,3916,0.07678443222854449,0.4342176022262191,3916,0.00023681700796176632,0.015978028816098732,3916,0.0,0.0,3916,2488.9339773470065,620.1163535981867,3916
BC 3,Biological Corridor 3,407.117147,0.21044423199763912,0.04094270068594172,5554,75.71688230104449,14.97316690996098,5554,0.005408950866771682,0.07207078703502137,5554,0.6615549495905484,0.07158785677798679,5554,0.0020504072770395603,0.0012238635606233597,5554,0.0,0.0,5554,0.0,0.0,5554,0.0,0.0,5554,1374.9549230999005,463.70572088174174,5554
BC 4,Biological Corridor 4,594.653589,0.15196248268078738,0.017541448414224795,7824,70.88510829798234,22.035930335361147,7824,0.007537932814717107,0.08723475521815874,7824,0.6329894872683497,0.12818195388663037,7824,0.0017661947157040793,0.0011294858483065317,7824,0.0012065529229861739,0.03389665975949091,7824,0.0,0.0,7824,0.0,0.0,7824,2395.253201571096,866.8098336316723,7824
BC 5,Biological Corridor 5,205.825297,0.2529335148651649,0.09005709943383992,2844,71.51970666874088,15.449682511151604,2844,0.002974188618466505,0.06745466950199784,2844,0.7402755672896827,0.028096842687279293,2844,0.0010632907197094042,0.0009840067766536838,2844,0.06560755047350601,0.25024294801703767,2844,0.0,0.0,2844,0.0,0.0,2844,453.4053712321215,190.01820482033446,2844
BC 6,Biological Corridor 6,232.77095,0.16427257924215188,0.01580956273762582,3114,70.74765763654926,21.078436586590666,3114,0.0010031967639161576,0.031023588031030093,3114,0.5657974808892519,0.08662418559923293,3114,0.001681823947946034,0.0012395970844332705,3114,0.009937707540538581,0.0976785499471027,3114,0.0,0.0,3114,0.0,0.0,3114,2317.945578258776,697.0740494630148,3114
BC 7,Biological Corridor 7,419.66363,0.1621900470299754,0.03908873284915809,5847,64.0775458104213,25.384054990818424,5847,0.007069037895857963,0.08642104822539894,5847,0.6416694375555613,0.11288106537189148,5847,0.000989870949323638,0.0012657797426178657,5847,0.07576427343403491,0.32495962835116227,5847,0.00010902828356847344,0.013076644332899111,5847,0.0,0.0,5847,2563.103469324484,681.7655086433263,5847
BC 8,Biological Corridor 8,558.604382,0.15520822116724103,0.05121469833660405,7578,60.67408399310388,23.166605495676958,7578,0.008662102673116519,0.09498630561153196,7578,0.5957934412438219,0.1149251846564174,7578,0.0009779227996428827,0.0013287984325935074,7578,0.0,0.0,7578,0.0,0.0,7578,0.0,0.0,7578,3138.892560913694,524.1843752968707,7578
BC 9,Biological Corridor 9,401.099244,0.21273727983942653,0.04661040312951948,5318,62.83784125853141,29.15488335372307,5318,0.0035860271506787614,0.05807989925340542,5318,0.679948459761022,0.0944034108846809,5318,0.0016249463401535665,0.0013398092617659776,5318,0.11417785444636101,0.5549471108342849,5318,0.010197911197779928,0.10025510293278553,5318,0.00019922373059326452,0.013711500920747756,5318,2445.266705105124,663.1744390648265,5318
BWS,Bumdeling Wildlife Sanctuary,1534.244581,0.11441751244116725,0.03436002621137491,19892,43.85104517610478,35.807312865785484,19892,0.0007163592790449784,0.02651990172770856,19892,0.4070859344900399,0.2528066528603216,19892,0.0018207667275098925,0.0014067250302071275,19892,0.0,0.0,19892,8.647465369032608e-05,0.010026605754229636,19892,0.0,0.0,19892,3714.5909537768543,838.0615877386799,19892
JDWNP,Jigme Dorji Wangchuch National Park,4374.059572,0.03959248166829071,0.030703669101967736,55989,18.275264713215865,26.641225426604347,55989,0.0032540612862661297,0.05723250527286123,55989,0.29806926159607877,0.23588072365725082,55989,0.001612896503783177,0.0014335368485001534,55989,0.003565877433722543,0.05921290487915367,55989,0.0,0.0,55989,1.8124713380758005e-05,0.004226148624513986,55989,4313.445069751003,873.5043152939792,55989
JKSNR,Jigme Khesar Strick Nature Reserve,784.224772,0.08509893120328135,0.04571080547320143,10194,41.66901646291142,33.141555053818,10194,0.004310482162258605,0.06916389398722271,10194,0.46956481064244465,0.16900702660479405,10194,0.0018205267374840602,0.001363452841801071,10194,0.009006490216882204,0.09456990799225325,10194,0.0,0.0,10194,0.0,0.0,10194,3636.7281457001086,743.0490357116554,10194
JSWNP,Jigme Singye Wangchuck National Park,1730.0582,0.08108491445788438,0.03954434902967378,22158,70.08967940786415,23.180652801346376,22158,0.004320593219833757,0.06867488332265048,22158,0.6308661248060956,0.13569208071342187,22158,0.0014976629119043156,0.0012201017270417282,22158,0.06075025775239909,0.3907693534592139,22158,0.0008122339486691994,0.02849013471446008,22158,0.0,0.0,22158,2449.8633250176904,879.3587828651569,22158
JWS,Jomotsangkha Wildlife Sanctuary,362.490667,0.1825356680084133,0.06260789869040963,4786,71.12024245829326,22.990552392608816,4786,0.007029070891565717,0.08990197345042757,4786,0.6696290820298835,0.07001792397103593,4786,0.0017082602603223727,0.001482118009616833,4786,0.03577222238117902,0.18820627636329854,4786,0.003245320383265139,0.06121131106928727,4786,0.0,0.0,4786,782.0849895912179,474.5679964994771,4786
PWS,Phibsoo Wildlife Sanctuary,287.178768,0.15666204572498596,0.04420191746165124,3822,67.92781006321088,16.440628780915183,3822,0.00027891989092591554,0.016173269974385757,3822,0.7024086706091314,0.04684932826585634,3822,0.0010415749550240912,0.0010441739141678135,3822,0.055960080547689264,0.2389477896175262,3822,0.0057785638578886755,0.07899369309519073,3822,0.0,0.0,3822,516.1144402843453,280.36692945680215,3822
PNP,Phrumsengla National Park,906.653443,0.11620699098232905,0.026148367307190435,11827,69.99810972677847,21.78663138620007,11827,0.0027114123179130976,0.05274884259268105,11827,0.5831610258227793,0.11025149881621245,11827,0.0009986107343974303,0.0013491646091831281,11827,0.0003513262911930081,0.018387354266676214,11827,0.0,0.0,11827,0.0,0.0,11827,3073.3951318575832,669.8098664324078,11827
RBP,Royal Botanical Park,91.196589,0.21610362325968993,0.034551749095889185,1269,66.49058181197748,15.855383415975872,1269,0.00015696980037536252,0.02806066795077203,1269,0.6231029237529723,0.07057190036123911,1269,0.0004599987978235169,0.0011120011484255436,1269,0.0,0.0,1269,0.0,0.0,1269,0.0008701586759938575,0.02806066795077203,1269,2715.5733697321275,426.2315383895984,1269
RMNP,Royal Manas National Park,1057.021828,0.09631756717087443,0.0496805731364865,13632,81.85425440641937,14.88189482159733,13632,0.0035187868388294155,0.06339042687181078,13632,0.7159177342374601,0.06247689532399881,13632,0.001239364571909322,0.0011956145536230012,13632,0.05834285639694739,0.3985996363373433,13632,0.00023021487116867262,0.01914809408344542,13632,0.0,0.0,13632,1085.4994855765633,596.3087305995581,13632
SWS,Sakteng Wildlife Sanctuary,742.463082,0.13247530460708337,0.01823988053690254,9598,53.103843899100305,29.395111009034753,9598,0.005407175486234882,0.07340601383620642,9598,0.5276898942211375,0.1274147959857808,9598,0.001969135670343896,0.0015224041280313908,9598,0.00021493838643646062,0.014433756416377518,9598,0.0,0.0,9598,0.0,0.0,9598,3452.451268621145,591.82864429825,9598
WCNP,Wangchuck Centennial National Park,4914.634155,0.08086015961801245,0.042223835309544905,62913,24.54670553278322,30.78916298389332,62913,0.0026435422428229076,0.05129914565319819,62913,0.3030219246120872,0.23774972348627832,62913,0.0019257784378515224,0.0014767881436063162,62913,0.0015544590331953345,0.03943704127103228,62913,7.986188323939555e-05,0.00891451143207426,62913,0.0,0.0,62913,4286.94774881249,837.4234362018933,62913
