PA_name,park,buffer_km,location_inside,eii_mean_inside,eii_stdDev_inside,eii_count_inside,eii_p5_inside,eii_p25_inside,eii_p50_inside,eii_p75_inside,eii_p95_inside,functional_integrity_mean_inside,functional_integrity_stdDev_inside,functional_integrity_count_inside,functional_integrity_p5_inside,functional_integrity_p25_inside,functional_integrity_p50_inside,functional_integrity_p75_inside,functional_integrity_p95_inside,structural_integrity_mean_inside,structural_integrity_stdDev_inside,structural_integrity_count_inside,structural_integrity_p5_inside,structural_integrity_p25_inside,structural_integrity_p50_inside,structural_integrity_p75_inside,structural_integrity_p95_inside,compositional_integrity_mean_inside,compositional_integrity_stdDev_inside,compositional_integrity_count_inside,compositional_integrity_p5_inside,compositional_integrity_p25_inside,compositional_integrity_p50_inside,compositional_integrity_p75_inside,compositional_integrity_p95_inside,Area_km2,buffer_km_inside
BC 1,Biological Corridor 1,10.0,inside,0.8213967858534837,0.09380239569715974,3450,0.6372906804084778,0.7708680607792728,0.8407944092263501,0.8916347115472294,0.9362744587760597,0.8251385924481748,0.09562267858328723,3450,0.6388474643230438,0.7718230398648936,0.8416540888037037,0.8966058460320628,0.9474166280503687,0.9809253612953355,0.028770557916466204,3450,0.9085513861461137,0.9799857144574873,0.989627361968209,0.9987740124271094,1.0,0.9346817160639295,0.030673288001586467,3449,0.8820169842803197,0.9248174491334158,0.9403347793518897,0.9541741994897263,0.9639833306222022,255.548612,10.0
BC 2,Biological Corridor 2,10.0,inside,0.6643697184475368,0.1295900501840722,3916,0.4667093754757975,0.5604971486497513,0.6621138871558283,0.7676265015051242,0.8766470096419691,0.6657734063652452,0.1293029719735693,3916,0.4670226098303106,0.5644684207697046,0.6660030170995319,0.7676144796750707,0.8767940246650375,0.9759307363600986,0.04579399840801174,3916,0.8469213247299194,0.9750439575581371,0.9965972377791743,1.0,1.0,0.9411041778035484,0.03217966601614333,3916,0.8877025860894346,0.9286407567754776,0.9504214777044558,0.9619212619883006,0.9715861423153811,291.757619,10.0
BC 3,Biological Corridor 3,10.0,inside,0.5343722071468247,0.0795739538074287,5560,0.4512758283128973,0.4745452914317684,0.5057371580801743,0.5799999004690902,0.6932274431669958,0.5370839592422406,0.08004927484377708,5560,0.45110699687079664,0.48254501050535004,0.5096531868825892,0.5800315185021254,0.6971185750816807,0.9227272834985673,0.09096253655459659,5560,0.7253922637896378,0.8877582423966834,0.9599288082935478,0.9950735886537242,1.0,0.9526758375083497,0.021354034890995265,5560,0.9126051975191825,0.9400142247505446,0.9584928808276748,0.9692093504169217,0.9760114376244048,407.117147,10.0
BC 4,Biological Corridor 4,10.0,inside,0.6847351188874017,0.12632852320248128,7834,0.48229681680293757,0.5838813726367708,0.6775390084827314,0.790953744405914,0.8886426231276177,0.6861732367831502,0.12592287375608036,7834,0.48250482765181885,0.5840678192460778,0.6814878323106581,0.7910926488873102,0.8886554751293624,0.9590428763185544,0.0675999684982197,7834,0.8016488646206102,0.9501741736041839,0.9936438068606582,1.0,1.0,0.9691635948838797,0.022024961984125003,7834,0.9267785328199792,0.9638571738597924,0.9755894942199423,0.9814393365010063,0.9871954292568158,594.653589,10.0
BC 5,Biological Corridor 5,10.0,inside,0.47814194062657667,0.0798761187801971,2846,0.41492124593482826,0.4325294803330104,0.4441759106266883,0.4970006479330712,0.6674400065698476,0.494739940420418,0.10151847889067082,2846,0.4266989964844356,0.4384468393958378,0.4501422555826529,0.5203441418994669,0.7274035692214966,0.8028002281331561,0.1198822169192408,2846,0.5926967266046606,0.7125653575376137,0.8181248891251282,0.9002623703284964,0.9549376093797652,0.9172265123456984,0.030919508674419633,2846,0.8624999106440255,0.9071855196168503,0.9247579358446603,0.9345625635883569,0.9443395202466586,205.825297,10.0
BC 6,Biological Corridor 6,10.0,inside,0.7147915830657022,0.10932173741541508,3122,0.5329126215300719,0.6347860355319672,0.712580446381807,0.7948869423502662,0.8930073801208945,0.7148705597115492,0.10934356511224502,3122,0.5327273163575967,0.6347319946741112,0.7126228641863936,0.7949383352980548,0.8928842168105277,0.9967885929148239,0.004180806117389284,3122,0.9891676306724547,0.9923033118247987,0.9994298815727237,0.9994298815727237,1.0,0.9740794229033655,0.015290053774313138,3122,0.9563742022247089,0.9712143762549421,0.9781160594659194,0.9809950230350403,0.9837935344445011,232.77095,10.0
BC 7,Biological Corridor 7,10.0,inside,0.671485893875489,0.13086049317859974,5857,0.49022186908744175,0.5526230725667556,0.6621777287928229,0.7790502117694694,0.8928050470284654,0.672062604715589,0.13064595756549408,5857,0.4902242035476826,0.5527964503270593,0.6659912241949247,0.7790777406230976,0.8927005519047856,0.9811480679324504,0.027071899853555993,5857,0.9197269683503835,0.9709236025810242,0.995296754219691,0.9997149109840394,1.0,0.9646323087693018,0.02767517778288713,5857,0.9271203127381301,0.9600172229049285,0.9697202467326064,0.9775125981163649,0.9871169286744704,419.66363,10.0
BC 8,Biological Corridor 8,10.0,inside,0.6948349741061435,0.1387139117149638,7583,0.4864521119817503,0.5645526499766519,0.7014649217596953,0.8102570666479222,0.9080202942903834,0.6990966059868223,0.13982787679437758,7583,0.4901041131024385,0.5683777202311333,0.7052778545444573,0.8143581876940363,0.9200192984871038,0.9489072604776401,0.06518304719251058,7583,0.8255823595183236,0.8959239821887743,0.9886750409384994,0.99647798467871,1.0,0.9302396559492137,0.036792791636388315,7583,0.8741694897170958,0.9189115446803768,0.9364750977764899,0.9502437848585042,0.9696672345452962,558.604382,10.0
BC 9,Biological Corridor 9,10.0,inside,0.6645521897336164,0.1350686204540108,5336,0.47865521038571995,0.5488219905858226,0.6466182479592664,0.7717569894027341,0.8968150477699649,0.6690743216023574,0.1325272625378905,5336,0.48634627804123703,0.5564993321500682,0.6506074126187468,0.7752072510069747,0.9003475099718796,0.9282636153982355,0.07196270175909501,5336,0.7880429083650763,0.8799211142474295,0.944423567226598,0.9911463447176323,1.0,0.92978587543356,0.06724229495434984,5336,0.748994734038297,0.9364655631334197,0.9541380652356104,0.9639459515092343,0.975495007150378,401.099244,10.0
BWS,Bumdeling Wildlife Sanctuary,10.0,inside,0.7179342100566111,0.13247896807331253,19901,0.4902724661482808,0.6151279150479675,0.7286352857788285,0.8263363518280435,0.9120721656656845,0.7179791248532194,0.13249083154955146,19901,0.49024319476897393,0.6151126308932369,0.7286494336049635,0.8263162302587556,0.912057388510529,0.9983170567792642,0.003915613306331804,19901,0.990307867527008,0.9988597631454477,1.0,1.0,1.0,0.9815017141353919,0.016705072020671903,19850,0.9580559728544132,0.9756775816072376,0.9814977628044884,0.9931236944821881,0.9990642957315465,1534.244581,10.0
JDWNP,Jigme Dorji Wangchuch National Park,10.0,inside,0.6741848595423631,0.1677039935363386,56020,0.34193518791686406,0.5802343274732086,0.6895288996831346,0.8104950377424979,0.9083107171492134,0.674757229155693,0.1681971646223384,56020,0.34194220534779807,0.5802329626559072,0.6895095743504454,0.8104911848085778,0.9082702001265788,0.9959955889305616,0.01186859115744867,56020,0.9699197454936678,0.9987851612570599,1.0,1.0,1.0,0.963491904260459,0.03206828490481197,55879,0.9092224388513458,0.9501346913200263,0.9678065178869558,0.9853440376737955,0.999715820396235,4374.059572,10.0
JKSNR,Jigme Khesar Strick Nature Reserve,10.0,inside,0.7759688210410277,0.12932430079502463,10203,0.5095748907891966,0.6973413270380763,0.8143935664995692,0.8770267423548422,0.9278494276052308,0.7807045553985547,0.13101014786062248,10203,0.5095614601162435,0.7013702623377063,0.8223402731022068,0.8808777517414259,0.9316821706331911,0.9730291563701946,0.053079527477341,10203,0.8562494757805158,0.9697755564576941,0.9990883265496627,1.0,1.0,0.9531200076497349,0.028005146790314527,10193,0.9072793542398747,0.9403516579685338,0.9600343888958014,0.9717173286283732,0.9853449464137909,784.224772,10.0
JSWNP,Jigme Singye Wangchuck National Park,10.0,inside,0.6669229471062912,0.13242425506762323,22168,0.4748282825100745,0.55271232059119,0.6660781480321072,0.7714143984903397,0.8887443384158435,0.6687996266605198,0.13243495270223243,22168,0.4784322369898565,0.5565966292017196,0.6660649468037599,0.7754528470035115,0.8886871766640506,0.9672110573496251,0.06702916275738775,22168,0.8056559602320029,0.9800725705353965,0.9992640151184041,1.0,1.0,0.9654789922215546,0.02675843630483821,22168,0.9208699235743392,0.9560276561997427,0.9717280114728035,0.9814929856886281,0.9931823846779333,1730.0582,10.0
JWS,Jomotsangkha Wildlife Sanctuary,10.0,inside,0.6235681409104304,0.10962756497006057,4800,0.4510081314467563,0.5486975526407559,0.6153784674007591,0.7012409468555787,0.8189894920473161,0.6351901616556613,0.09928369081838961,4800,0.46955406847844616,0.565427306095792,0.6277831527125318,0.7022375255962854,0.8194917440414429,0.870358617317614,0.14647829365685328,4800,0.5686935193104551,0.7913256126265172,0.9277683184597306,0.9863741733443605,0.9987263145671623,0.9287669235892645,0.04364426864520278,4800,0.8683388147514529,0.9170625008835711,0.9345823299182412,0.9520555005145066,0.9716212314068371,362.490667,10.0
PWS,Phibsoo Wildlife Sanctuary,10.0,inside,0.47545929588848995,0.06047806842803087,3833,0.4267993254894196,0.43840756136693354,0.4521828897418499,0.4793092940964706,0.6123929549666013,0.47630593270198923,0.06193576852332561,3833,0.4267913597719203,0.43842025788730166,0.453973262393155,0.48152371999398413,0.6141820152600607,0.9764329650920797,0.0407315193345835,3833,0.907093081336755,0.969636276658944,0.9873362997255797,0.999305599555659,1.0,0.9546188733122811,0.02440469161414212,3829,0.924779583155017,0.9462732442017092,0.9560354910985379,0.9678569000289605,0.9774943768432677,287.178768,10.0
PNP,Phrumsengla National Park,10.0,inside,0.7263136924104788,0.1276439915881124,11846,0.4903065006993794,0.6346732353522486,0.7403784703110544,0.8302094104223833,0.9160019914725553,0.7307623124708953,0.1303757555132117,11846,0.4939800386245434,0.634728853456283,0.7403075026022351,0.8379442470367059,0.9199565268257919,0.9627354809339697,0.06065663157026685,11846,0.8054447019100189,0.9463432931827076,0.9972162608123732,1.0,1.0,0.9603796582524716,0.02034620186827858,11845,0.9287171245519426,0.9462837855115549,0.9637977222080067,0.9774586406579867,0.9832840787257017,906.653443,10.0
RBP,Royal Botanical Park,10.0,inside,0.5113908280122451,0.061987671682530485,1271,0.4420832366712632,0.467656472973093,0.505274051738265,0.5419860802955836,0.6280927658081055,0.5220807469976615,0.06447968158374982,1271,0.44211925709739736,0.4794958180075683,0.5127369678618298,0.5555095165345246,0.6432252526283264,0.8597301040543845,0.09802442251987567,1271,0.7276248154816805,0.7589823454019327,0.8540478729187174,0.9657705377435453,0.9930190147816396,0.8833060500533033,0.047603459156460824,1271,0.8079431469840643,0.8427270806173955,0.8898269753481205,0.924775824511931,0.9423011040818041,91.196589,10.0
RMNP,Royal Manas National Park,10.0,inside,0.5061344331708327,0.10706368697155268,13647,0.41998002461688966,0.43948063165920165,0.4628413907829974,0.5332741269981824,0.7519425432562062,0.5083667828189274,0.10931842128933719,13647,0.42005828559616354,0.4394347188792528,0.46286259254356626,0.5367852801502165,0.7637680876590256,0.9437832390568448,0.07035630239064133,13647,0.8115879161582994,0.901394662795435,0.9737849062129148,0.9993874614136254,1.0,0.9618758326031801,0.023264704708877683,13638,0.9247533096280034,0.9502170518824609,0.9657658383380636,0.9794159108481048,0.987354315654421,1057.021828,10.0
SWS,Sakteng Wildlife Sanctuary,10.0,inside,0.7194406337264463,0.14674403136077574,9608,0.44731801357538,0.6152242473000994,0.7364977371217147,0.8417433478429822,0.92002287516147,0.7202113310657648,0.1470819174882909,9608,0.4473956072034843,0.6192320025233701,0.7365206436139726,0.8415929901441264,0.9239192344538809,0.9822273356153937,0.02647299337413708,9608,0.9232824916640917,0.9741214577341408,0.9965469219907169,0.9994113399176768,1.0,0.962490574505431,0.02230498099321794,9606,0.9364978478172798,0.9599756286775041,0.9678475571456638,0.9736215302939488,0.9775175700513612,742.463082,10.0
WCNP,Wangchuck Centennial National Park,10.0,inside,0.709793486170242,0.12947837569939244,62947,0.4979826633624166,0.5995900777851677,0.708967991466024,0.8183271104469055,0.9120767713560193,0.7099541436792914,0.12945604158183374,62947,0.4980078450278067,0.5995836867848536,0.7089564903938377,0.818301333536436,0.9120829661266681,0.9945734596592174,0.013409003098134286,62947,0.9727891987764989,0.9970597863634145,0.9970597863634145,1.0,1.0,0.9827045365783067,0.026210249784233124,62654,0.9462443764790814,0.9776037837350179,0.9892846105127708,0.9994202177845606,0.9994202177845606,4914.634155,10.0
