PA_name,location_inside,eii_mean_inside,eii_stdDev_inside,eii_count_inside,eii_p5_inside,eii_p25_inside,eii_p50_inside,eii_p75_inside,eii_p95_inside,functional_integrity_mean_inside,functional_integrity_stdDev_inside,functional_integrity_count_inside,functional_integrity_p5_inside,functional_integrity_p25_inside,functional_integrity_p50_inside,functional_integrity_p75_inside,functional_integrity_p95_inside,structural_integrity_mean_inside,structural_integrity_stdDev_inside,structural_integrity_count_inside,structural_integrity_p5_inside,structural_integrity_p25_inside,structural_integrity_p50_inside,structural_integrity_p75_inside,structural_integrity_p95_inside,compositional_integrity_mean_inside,compositional_integrity_stdDev_inside,compositional_integrity_count_inside,compositional_integrity_p5_inside,compositional_integrity_p25_inside,compositional_integrity_p50_inside,compositional_integrity_p75_inside,compositional_integrity_p95_inside,park,Area_km2,buffer_km_inside,location_outside,eii_mean_outside,eii_stdDev_outside,eii_count_outside,eii_p5_outside,eii_p25_outside,eii_p50_outside,eii_p75_outside,eii_p95_outside,functional_integrity_mean_outside,functional_integrity_stdDev_outside,functional_integrity_count_outside,functional_integrity_p5_outside,functional_integrity_p25_outside,functional_integrity_p50_outside,functional_integrity_p75_outside,functional_integrity_p95_outside,structural_integrity_mean_outside,structural_integrity_stdDev_outside,structural_integrity_count_outside,structural_integrity_p5_outside,structural_integrity_p25_outside,structural_integrity_p50_outside,structural_integrity_p75_outside,structural_integrity_p95_outside,compositional_integrity_mean_outside,compositional_integrity_stdDev_outside,compositional_integrity_count_outside,compositional_integrity_p5_outside,compositional_integrity_p25_outside,compositional_integrity_p50_outside,compositional_integrity_p75_outside,compositional_integrity_p95_outside,buffer_km_outside,delta_eii,delta_functional_integrity,delta_structural_integrity,delta_compositional_integrity,buffer_km
BC 1,inside,0.8213967858534837,0.09380239569715974,3450,0.6372906804084778,0.7708680607792728,0.8407944092263501,0.8916347115472294,0.9362744587760597,0.8251385924481748,0.09562267858328723,3450,0.6388474643230438,0.7718230398648936,0.8416540888037037,0.8966058460320628,0.9474166280503687,0.9809253612953355,0.028770557916466204,3450,0.9085513861461137,0.9799857144574873,0.989627361968209,0.9987740124271094,1.0,0.9346817160639295,0.030673288001586467,3449,0.8820169842803197,0.9248174491334158,0.9403347793518897,0.9541741994897263,0.9639833306222022,Biological Corridor 1,255.548612,10.0,outside,0.7625062522106358,0.13471819702185028,14751,0.4709775527362078,0.6896027487032379,0.7988174406767576,0.865291920418335,0.9237693233931458,0.7682931169365397,0.13244687284392892,14751,0.48628966993498174,0.6934868167389651,0.8027556028572848,0.8692652791418881,0.9315783328251703,0.9597177603246738,0.08023767881507074,14751,0.7756029863603183,0.9667240412841693,0.9985554822974069,1.0,1.0,0.9245685027857642,0.05386204054596352,14735,0.8263872903323398,0.9200753921105291,0.9394483270943684,0.9511195389181263,0.966649527561839,10.0,0.05889053364284791,0.0568454755116351,0.021207600970661655,0.010113213278165278,10.0
BC 2,inside,0.6643697184475368,0.1295900501840722,3916,0.4667093754757975,0.5604971486497513,0.6621138871558283,0.7676265015051242,0.8766470096419691,0.6657734063652452,0.1293029719735693,3916,0.4670226098303106,0.5644684207697046,0.6660030170995319,0.7676144796750707,0.8767940246650375,0.9759307363600986,0.04579399840801174,3916,0.8469213247299194,0.9750439575581371,0.9965972377791743,1.0,1.0,0.9411041778035484,0.03217966601614333,3916,0.8877025860894346,0.9286407567754776,0.9504214777044558,0.9619212619883006,0.9715861423153811,Biological Corridor 2,291.757619,10.0,outside,0.6136748142122046,0.14515265133892338,18561,0.42383300886193614,0.5019148824068619,0.5722632812019914,0.7245183108610274,0.8769824182265771,0.6241167683997401,0.13793248857508164,18561,0.45110336736281137,0.5137227473061986,0.5799646658887501,0.7323210983320326,0.8808683307792323,0.8896867311454187,0.12735086743759366,18561,0.6110669613428111,0.8144951828047006,0.9396702514421995,0.9985817101176702,1.0,0.9032724502153041,0.08601740379221984,18554,0.7207350181167737,0.8770121145611028,0.9356714010205645,0.9588321326526084,0.9743915179119521,10.0,0.05069490423533218,0.04165663796550512,0.0862440052146799,0.03783172758824427,10.0
BC 3,inside,0.5343722071468247,0.0795739538074287,5560,0.4512758283128973,0.4745452914317684,0.5057371580801743,0.5799999004690902,0.6932274431669958,0.5370839592422406,0.08004927484377708,5560,0.45110699687079664,0.48254501050535004,0.5096531868825892,0.5800315185021254,0.6971185750816807,0.9227272834985673,0.09096253655459659,5560,0.7253922637896378,0.8877582423966834,0.9599288082935478,0.9950735886537242,1.0,0.9526758375083497,0.021354034890995265,5560,0.9126051975191825,0.9400142247505446,0.9584928808276748,0.9692093504169217,0.9760114376244048,Biological Corridor 3,407.117147,10.0,outside,0.5460975391239834,0.11481411027599657,23530,0.42787548641537393,0.45894305016221937,0.5097742429932828,0.6228487695468696,0.7675900701946807,0.5606406520913019,0.11275076705899241,23530,0.43557859296074297,0.46672341061763317,0.5293757360344602,0.6386484117124395,0.7789470796390163,0.8891804415449261,0.14920636245610558,23530,0.588522155370031,0.8181785760413386,0.9667341425923236,0.9988216105483668,1.0,0.9323533874351507,0.07117420544125712,23523,0.7867679891396887,0.927860298756991,0.9512565908009261,0.9709016361167122,0.9823009652705459,10.0,-0.011725331977158748,-0.023556692849061256,0.033546841953641104,0.020322450073198994,10.0
BC 4,inside,0.6847351188874017,0.12632852320248128,7834,0.48229681680293757,0.5838813726367708,0.6775390084827314,0.790953744405914,0.8886426231276177,0.6861732367831502,0.12592287375608036,7834,0.48250482765181885,0.5840678192460778,0.6814878323106581,0.7910926488873102,0.8886554751293624,0.9590428763185544,0.0675999684982197,7834,0.8016488646206102,0.9501741736041839,0.9936438068606582,1.0,1.0,0.9691635948838797,0.022024961984125003,7834,0.9267785328199792,0.9638571738597924,0.9755894942199423,0.9814393365010063,0.9871954292568158,Biological Corridor 4,594.653589,10.0,outside,0.6495160786855353,0.12528868976925497,22948,0.46677070303685697,0.5489984055134767,0.6426755902186142,0.7402227104228604,0.8728651992466573,0.6530604268012663,0.12565127829962736,22948,0.46692556600702195,0.5526230138380558,0.6463006182229766,0.7441430537956873,0.8729465752402442,0.9343841579719534,0.08343028130761987,22948,0.754836982085761,0.8897290041279,0.9753997633005423,1.0,1.0,0.9554723670196608,0.03579349133868944,22946,0.9072966940020438,0.9463000445103161,0.9638692128905312,0.9755471753135548,0.9833520161567475,10.0,0.03521904020186639,0.03311280998188393,0.02465871834660105,0.013691227864218947,10.0
BC 5,inside,0.47814194062657667,0.0798761187801971,2846,0.41492124593482826,0.4325294803330104,0.4441759106266883,0.4970006479330712,0.6674400065698476,0.494739940420418,0.10151847889067082,2846,0.4266989964844356,0.4384468393958378,0.4501422555826529,0.5203441418994669,0.7274035692214966,0.8028002281331561,0.1198822169192408,2846,0.5926967266046606,0.7125653575376137,0.8181248891251282,0.9002623703284964,0.9549376093797652,0.9172265123456984,0.030919508674419633,2846,0.8624999106440255,0.9071855196168503,0.9247579358446603,0.9345625635883569,0.9443395202466586,Biological Corridor 5,205.825297,10.0,outside,0.4963490402592924,0.09013317619180067,9935,0.42403047825595486,0.4355221847839971,0.4550088462801165,0.5291914385906036,0.6934137293862891,0.5074607971949591,0.09844192361632333,9935,0.4280050661626971,0.4432781302478131,0.4627928736539736,0.544921774891255,0.7244337161572192,0.8610307173062145,0.10912638954788552,9935,0.7088871267514107,0.7833401475481374,0.8690539267781663,0.9553565591160443,0.9901853695674636,0.914717759414109,0.053531237623472935,9934,0.8185251989694828,0.9082813367088531,0.9276777371376144,0.9394396178981363,0.9586879640246913,10.0,-0.018207099632715718,-0.012720856774541045,-0.0582304891730584,0.002508752931589364,10.0
BC 6,inside,0.7147915830657022,0.10932173741541508,3122,0.5329126215300719,0.6347860355319672,0.712580446381807,0.7948869423502662,0.8930073801208945,0.7148705597115492,0.10934356511224502,3122,0.5327273163575967,0.6347319946741112,0.7126228641863936,0.7949383352980548,0.8928842168105277,0.9967885929148239,0.004180806117389284,3122,0.9891676306724547,0.9923033118247987,0.9994298815727237,0.9994298815727237,1.0,0.9740794229033655,0.015290053774313138,3122,0.9563742022247089,0.9712143762549421,0.9781160594659194,0.9809950230350403,0.9837935344445011,Biological Corridor 6,232.77095,10.0,outside,0.6489246186119928,0.12987163835435378,14196,0.4512878937210238,0.5528287950464194,0.6347279007396935,0.743933643396859,0.8769650430072086,0.6505552908186222,0.1291917395397525,14196,0.4513959054656532,0.5567248078857079,0.6386639680600029,0.7441013369079145,0.8769728015640175,0.9690707527382809,0.05667008978420414,14196,0.8369215623102055,0.963756025564851,0.9932999626831365,0.9993327852440986,1.0,0.9503284200093408,0.04133362008179269,14196,0.8798738949960764,0.9463168419780669,0.961946809379731,0.9717492727414906,0.9794968148943729,10.0,0.06586696445370943,0.06431526889292705,0.027717840176542996,0.023751002894024653,10.0
BC 7,inside,0.671485893875489,0.13086049317859974,5857,0.49022186908744175,0.5526230725667556,0.6621777287928229,0.7790502117694694,0.8928050470284654,0.672062604715589,0.13064595756549408,5857,0.4902242035476826,0.5527964503270593,0.6659912241949247,0.7790777406230976,0.8927005519047856,0.9811480679324504,0.027071899853555993,5857,0.9197269683503835,0.9709236025810242,0.995296754219691,0.9997149109840394,1.0,0.9646323087693018,0.02767517778288713,5857,0.9271203127381301,0.9600172229049285,0.9697202467326064,0.9775125981163649,0.9871169286744704,Biological Corridor 7,419.66363,10.0,outside,0.6855555270450787,0.14318522346759818,27603,0.4666773088440976,0.5604648868360537,0.6855452847965495,0.8065049734349664,0.9121869900392038,0.6865659993899439,0.14301069630546617,27603,0.46665938292184106,0.5604814984904971,0.6855714869693657,0.806500156393075,0.9121608673614282,0.9805869093760294,0.033582988167334,27603,0.9048115856969549,0.9722501071524473,0.9987518706905455,1.0,1.0,0.9614103899571014,0.039769186107872875,27595,0.899443799211208,0.9560727916192526,0.9716830649860597,0.9814632836205142,0.9951056750707676,10.0,-0.014069633169589757,-0.014503394674354908,0.0005611585564209154,0.003221918812200464,10.0
BC 8,inside,0.6948349741061435,0.1387139117149638,7583,0.4864521119817503,0.5645526499766519,0.7014649217596953,0.8102570666479222,0.9080202942903834,0.6990966059868223,0.13982787679437758,7583,0.4901041131024385,0.5683777202311333,0.7052778545444573,0.8143581876940363,0.9200192984871038,0.9489072604776401,0.06518304719251058,7583,0.8255823595183236,0.8959239821887743,0.9886750409384994,0.99647798467871,1.0,0.9302396559492137,0.036792791636388315,7583,0.8741694897170958,0.9189115446803768,0.9364750977764899,0.9502437848585042,0.9696672345452962,Biological Corridor 8,558.604382,10.0,outside,0.6521035640188191,0.13738721176571975,27823,0.4668593528373852,0.5292977454041067,0.6387011914398779,0.7637733075083047,0.8887148322786669,0.6572008955726751,0.13610427232728528,27823,0.47077105386689394,0.5410038669812375,0.6425651710539174,0.7674465929975531,0.8925388402796336,0.939197381782099,0.08977803546688366,27823,0.7413238638486618,0.8937172882534175,0.9931140940728805,0.9992316311408161,1.0,0.9267812617047346,0.06333136450884998,27815,0.7898988127708435,0.9111493071082744,0.9443033733876135,0.9676450585052128,0.9853336236196025,10.0,0.042731410087324395,0.04189571041414719,0.009709878695541074,0.003458394244479024,10.0
BC 9,inside,0.6645521897336164,0.1350686204540108,5336,0.47865521038571995,0.5488219905858226,0.6466182479592664,0.7717569894027341,0.8968150477699649,0.6690743216023574,0.1325272625378905,5336,0.48634627804123703,0.5564993321500682,0.6506074126187468,0.7752072510069747,0.9003475099718796,0.9282636153982355,0.07196270175909501,5336,0.7880429083650763,0.8799211142474295,0.944423567226598,0.9911463447176323,1.0,0.92978587543356,0.06724229495434984,5336,0.748994734038297,0.9364655631334197,0.9541380652356104,0.9639459515092343,0.975495007150378,Biological Corridor 9,401.099244,10.0,outside,0.6612458170090488,0.14278402835404436,14636,0.4511980963599325,0.5332094218343227,0.6542618316310499,0.7792523709915374,0.8964173483594773,0.6653205048185626,0.14048999639464685,14636,0.4590022239035224,0.5449788968995948,0.6582056312468505,0.7793405198364357,0.8964414079022343,0.9368017260417847,0.08174762447047167,14636,0.7452549621019869,0.8896768983510162,0.975366926365048,0.9994031692453674,1.0,0.9366542114720787,0.06402101147850248,14627,0.7705258093774319,0.9385469679076825,0.9559640746273618,0.9716474344274981,0.9833496673119501,10.0,0.0033063727245675745,0.0037538167837947167,-0.008538110643549146,-0.006868336038518774,10.0
BWS,inside,0.7179342100566111,0.13247896807331253,19901,0.4902724661482808,0.6151279150479675,0.7286352857788285,0.8263363518280435,0.9120721656656845,0.7179791248532194,0.13249083154955146,19901,0.49024319476897393,0.6151126308932369,0.7286494336049635,0.8263162302587556,0.912057388510529,0.9983170567792642,0.003915613306331804,19901,0.990307867527008,0.9988597631454477,1.0,1.0,1.0,0.9815017141353919,0.016705072020671903,19850,0.9580559728544132,0.9756775816072376,0.9814977628044884,0.9931236944821881,0.9990642957315465,Bumdeling Wildlife Sanctuary,1534.244581,10.0,outside,0.6521747168349451,0.1362473320782105,19102,0.4550293070553182,0.5370673784041292,0.6382449734781793,0.7596640600738106,0.8924495871029451,0.653988564077906,0.13555082250166842,19102,0.45912472398151566,0.5411192789962596,0.6425235066689481,0.7597270558292555,0.8924475576706442,0.9654291019516157,0.05060495358290074,19102,0.8563271410115318,0.9444196510594208,0.9912159369472427,0.9990273869109261,1.0,0.949020030802275,0.051647095816300934,19095,0.8268998968656418,0.946309919353054,0.9599949516036896,0.9735497102683301,0.9951639044324331,10.0,0.06575949322166597,0.0639905607753134,0.0328879548276485,0.03248168333311685,10.0
JDWNP,inside,0.6741848595423631,0.1677039935363386,56020,0.34193518791686406,0.5802343274732086,0.6895288996831346,0.8104950377424979,0.9083107171492134,0.674757229155693,0.1681971646223384,56020,0.34194220534779807,0.5802329626559072,0.6895095743504454,0.8104911848085778,0.9082702001265788,0.9959955889305616,0.01186859115744867,56020,0.9699197454936678,0.9987851612570599,1.0,1.0,1.0,0.963491904260459,0.03206828490481197,55879,0.9092224388513458,0.9501346913200263,0.9678065178869558,0.9853440376737955,0.999715820396235,Jigme Dorji Wangchuch National Park,4374.059572,10.0,outside,0.6597615498133811,0.14606249726528037,26920,0.43926219864873906,0.5448999178429622,0.6424985246614421,0.7833171146874294,0.9003254974372267,0.6647672563552173,0.14280275674445356,26920,0.4589802216209084,0.5528199481333828,0.6425284396213425,0.7832848065976931,0.9079888831170926,0.9504589767620498,0.0889071279333346,26920,0.7456156586622843,0.9492414269696816,0.9968214694411253,0.9968214694411253,1.0,0.9324818002977528,0.07805005785983907,26815,0.795107549779044,0.9042156816282242,0.9432714823730112,0.9996013589408825,0.9996013589408825,10.0,0.014423309728981981,0.009989972800475755,0.04553661216851179,0.031010103962706204,10.0
JKSNR,inside,0.7759688210410277,0.12932430079502463,10203,0.5095748907891966,0.6973413270380763,0.8143935664995692,0.8770267423548422,0.9278494276052308,0.7807045553985547,0.13101014786062248,10203,0.5095614601162435,0.7013702623377063,0.8223402731022068,0.8808777517414259,0.9316821706331911,0.9730291563701946,0.053079527477341,10203,0.8562494757805158,0.9697755564576941,0.9990883265496627,1.0,1.0,0.9531200076497349,0.028005146790314527,10193,0.9072793542398747,0.9403516579685338,0.9600343888958014,0.9717173286283732,0.9853449464137909,Jigme Khesar Strick Nature Reserve,784.224772,10.0,outside,0.7052261741838449,0.13273721947567932,15073,0.5058520513762285,0.5839023450866013,0.7087807887259292,0.8182747022931076,0.9079743842663248,0.7086593420907348,0.13374167774118137,15073,0.5060115260820763,0.5879364467555313,0.7130073151757504,0.8222288803018835,0.915877186801946,0.954788609350592,0.06194112333933464,15073,0.8273340954823424,0.9364178053735506,0.979492010672957,0.9970722494468518,1.0,0.9442593774855951,0.03331814005119949,15071,0.893442046832071,0.9346259800284776,0.950118843850562,0.9638426444652404,0.977574720194202,10.0,0.07074264685718279,0.07204521330781988,0.01824054701960265,0.008860630164139849,10.0
JSWNP,inside,0.6669229471062912,0.13242425506762323,22168,0.4748282825100745,0.55271232059119,0.6660781480321072,0.7714143984903397,0.8887443384158435,0.6687996266605198,0.13243495270223243,22168,0.4784322369898565,0.5565966292017196,0.6660649468037599,0.7754528470035115,0.8886871766640506,0.9672110573496251,0.06702916275738775,22168,0.8056559602320029,0.9800725705353965,0.9992640151184041,1.0,1.0,0.9654789922215546,0.02675843630483821,22168,0.9208699235743392,0.9560276561997427,0.9717280114728035,0.9814929856886281,0.9931823846779333,Jigme Singye Wangchuck National Park,1730.0582,10.0,outside,0.6119333245786598,0.12482815640980936,28338,0.45516868625786516,0.509623316954114,0.5839477709378101,0.6973003208866447,0.8534449925602153,0.6181354369442646,0.12438400891871847,28338,0.4591147438376152,0.5175841909431373,0.5918665247027343,0.705091819994948,0.8574297158599211,0.9057929158883677,0.09708888061517722,28338,0.7177542060069743,0.8427855963008937,0.9307220832822833,0.9953740165042723,1.0,0.9294215013256455,0.05492019739680937,28337,0.8271246856214223,0.9189954874365837,0.9423903334003803,0.9618755212155761,0.9774812661071712,10.0,0.0549896225276314,0.05066418971625519,0.06141814146125735,0.03605749089590915,10.0
JWS,inside,0.6235681409104304,0.10962756497006057,4800,0.4510081314467563,0.5486975526407559,0.6153784674007591,0.7012409468555787,0.8189894920473161,0.6351901616556613,0.09928369081838961,4800,0.46955406847844616,0.565427306095792,0.6277831527125318,0.7022375255962854,0.8194917440414429,0.870358617317614,0.14647829365685328,4800,0.5686935193104551,0.7913256126265172,0.9277683184597306,0.9863741733443605,0.9987263145671623,0.9287669235892645,0.04364426864520278,4800,0.8683388147514529,0.9170625008835711,0.9345823299182412,0.9520555005145066,0.9716212314068371,Jomotsangkha Wildlife Sanctuary,362.490667,10.0,outside,0.6220460051560383,0.11735077946915409,7690,0.44314511189759215,0.5332739055818077,0.6034354959785594,0.7090327532195758,0.8340393746304227,0.6266292810300573,0.1155786191033361,7690,0.4471576393644881,0.5410985449523308,0.607204577925468,0.7126944689280177,0.8341531497033604,0.9276814291049529,0.08692341877693237,7690,0.7598470025749718,0.8888293724103555,0.9551489797285782,0.9938582686631844,0.9990060749404575,0.9358282330458103,0.05294469689832036,7689,0.8504205441512698,0.9248484624271192,0.9462713324980744,0.9677527977114452,0.9794367691236737,10.0,0.0015221357543921954,0.008560880625604006,-0.05732281178733889,-0.007061309456545817,10.0
PWS,inside,0.47545929588848995,0.06047806842803087,3833,0.4267993254894196,0.43840756136693354,0.4521828897418499,0.4793092940964706,0.6123929549666013,0.47630593270198923,0.06193576852332561,3833,0.4267913597719203,0.43842025788730166,0.453973262393155,0.48152371999398413,0.6141820152600607,0.9764329650920797,0.0407315193345835,3833,0.907093081336755,0.969636276658944,0.9873362997255797,0.999305599555659,1.0,0.9546188733122811,0.02440469161414212,3829,0.924779583155017,0.9462732442017092,0.9560354910985379,0.9678569000289605,0.9774943768432677,Phibsoo Wildlife Sanctuary,287.178768,10.0,outside,0.5317847742260836,0.0853278966945353,8917,0.4346112202323882,0.46185974652350426,0.5088316844179065,0.5850877557930193,0.7001884839040732,0.5403366226110575,0.0912373489124577,8917,0.43556730380700615,0.4667867878599734,0.5176383955824231,0.5956031063027569,0.7169843345295542,0.8797739812197194,0.1141516910083415,8917,0.6709910221652757,0.7940043572623595,0.9131078688259721,0.9815217642724525,1.0,0.9318860888263297,0.061404212660015445,8902,0.8190079728762308,0.9266457461859402,0.9463553034233362,0.9658168540366802,0.9756004230257875,10.0,-0.05632547833759366,-0.0640306899090683,0.09665898387236027,0.022732784485951396,10.0
PNP,inside,0.7263136924104788,0.1276439915881124,11846,0.4903065006993794,0.6346732353522486,0.7403784703110544,0.8302094104223833,0.9160019914725553,0.7307623124708953,0.1303757555132117,11846,0.4939800386245434,0.634728853456283,0.7403075026022351,0.8379442470367059,0.9199565268257919,0.9627354809339697,0.06065663157026685,11846,0.8054447019100189,0.9463432931827076,0.9972162608123732,1.0,1.0,0.9603796582524716,0.02034620186827858,11845,0.9287171245519426,0.9462837855115549,0.9637977222080067,0.9774586406579867,0.9832840787257017,Phrumsengla National Park,906.653443,10.0,outside,0.6731548567691581,0.13775412905391424,25914,0.4746423620727071,0.5488645035238486,0.6699590914008098,0.7871797578782291,0.9003390218528233,0.6780749652356123,0.13845685338114877,25914,0.47849289492789343,0.55654353781587,0.6699826259830348,0.7948725883485555,0.9081326580256802,0.9450572305293681,0.0830339374285636,25914,0.7336106119902579,0.9227488106789508,0.9873556661939754,1.0,1.0,0.9459060548625128,0.05026296425617861,25910,0.8390655537644526,0.9384575141325393,0.9599292804931195,0.9755873690611208,0.9853325662013327,10.0,0.053158835641320734,0.05268734723528301,0.01767825040460158,0.014473603389958845,10.0
RBP,inside,0.5113908280122451,0.061987671682530485,1271,0.4420832366712632,0.467656472973093,0.505274051738265,0.5419860802955836,0.6280927658081055,0.5220807469976615,0.06447968158374982,1271,0.44211925709739736,0.4794958180075683,0.5127369678618298,0.5555095165345246,0.6432252526283264,0.8597301040543845,0.09802442251987567,1271,0.7276248154816805,0.7589823454019327,0.8540478729187174,0.9657705377435453,0.9930190147816396,0.8833060500533033,0.047603459156460824,1271,0.8079431469840643,0.8427270806173955,0.8898269753481205,0.924775824511931,0.9423011040818041,Royal Botanical Park,91.196589,10.0,outside,0.5286527016854433,0.12871566258175185,10000,0.3690864859205304,0.4392922145121407,0.5019354473612482,0.575975700239843,0.7984680235385895,0.549796260801484,0.11654585732748063,10000,0.4316154685077476,0.46292031456749055,0.5174690989817645,0.5836951096294215,0.8106375795144302,0.8190235852491236,0.15578290536564746,10000,0.5566027673582236,0.6854101560371262,0.8532954628707226,0.9629187407556549,0.9984276709009927,0.8396311658536871,0.11776542664964548,9988,0.5798812806657667,0.8065301304440629,0.8769588039367441,0.9239287689597743,0.9551847273258308,10.0,-0.017261873673198203,-0.027715513803822533,0.040706518805260994,0.04367488419961618,10.0
RMNP,inside,0.5061344331708327,0.10706368697155268,13647,0.41998002461688966,0.43948063165920165,0.4628413907829974,0.5332741269981824,0.7519425432562062,0.5083667828189274,0.10931842128933719,13647,0.42005828559616354,0.4394347188792528,0.46286259254356626,0.5367852801502165,0.7637680876590256,0.9437832390568448,0.07035630239064133,13647,0.8115879161582994,0.901394662795435,0.9737849062129148,0.9993874614136254,1.0,0.9618758326031801,0.023264704708877683,13638,0.9247533096280034,0.9502170518824609,0.9657658383380636,0.9794159108481048,0.987354315654421,Royal Manas National Park,1057.021828,10.0,outside,0.5440752340429705,0.10595162781078046,17746,0.4356412449038394,0.4589688354178281,0.5137179285839631,0.611353957649856,0.7560541288241804,0.5543394958465773,0.10572476530606456,17746,0.4433767311302164,0.46679599490476903,0.5254035801498005,0.6229597761036263,0.7712823664039954,0.8654717428498409,0.11827867110743603,17746,0.6737056041528657,0.8026795754345353,0.8846887937181993,0.9589454881033622,0.998273099433744,0.9341528399460164,0.05248134466909551,17737,0.8732315279232352,0.9239274173888598,0.9394413239788537,0.9629105405066254,0.9825256563494128,10.0,-0.0379408008721378,-0.045972713027649825,0.07831149620700395,0.027722992657163714,10.0
SWS,inside,0.7194406337264463,0.14674403136077574,9608,0.44731801357538,0.6152242473000994,0.7364977371217147,0.8417433478429822,0.92002287516147,0.7202113310657648,0.1470819174882909,9608,0.4473956072034843,0.6192320025233701,0.7365206436139726,0.8415929901441264,0.9239192344538809,0.9822273356153937,0.02647299337413708,9608,0.9232824916640917,0.9741214577341408,0.9965469219907169,0.9994113399176768,1.0,0.962490574505431,0.02230498099321794,9606,0.9364978478172798,0.9599756286775041,0.9678475571456638,0.9736215302939488,0.9775175700513612,Sakteng Wildlife Sanctuary,742.463082,10.0,outside,0.6487470804282535,0.1433589597820851,8216,0.4354945626365556,0.5408555056926478,0.6272202187350818,0.7638689682556833,0.892704117929171,0.65074147498778,0.1426929132639537,8216,0.43943067262235014,0.5448444436411911,0.6310194325142138,0.7674734091747761,0.8963288446839762,0.9694290356407356,0.04487077970997784,8216,0.8667045441537476,0.9604079680926104,0.9908053893241638,1.0,1.0,0.9463514818760919,0.05769879335027607,8216,0.80952478117413,0.9463581725643997,0.9658104099463806,0.9736024072587902,0.9815166852543632,10.0,0.07069355329819282,0.06946985607798484,0.01279829997465809,0.016139092629339102,10.0
WCNP,inside,0.709793486170242,0.12947837569939244,62947,0.4979826633624166,0.5995900777851677,0.708967991466024,0.8183271104469055,0.9120767713560193,0.7099541436792914,0.12945604158183374,62947,0.4980078450278067,0.5995836867848536,0.7089564903938377,0.818301333536436,0.9120829661266681,0.9945734596592174,0.013409003098134286,62947,0.9727891987764989,0.9970597863634145,0.9970597863634145,1.0,1.0,0.9827045365783067,0.026210249784233124,62654,0.9462443764790814,0.9776037837350179,0.9892846105127708,0.9994202177845606,0.9994202177845606,Wangchuck Centennial National Park,4914.634155,10.0,outside,0.6760838738007323,0.13986824397083492,36925,0.4785657896885117,0.5527568477546411,0.6659880647399186,0.795052132326121,0.9081725345827505,0.6779524766209133,0.13908270223309038,36925,0.4823338082876321,0.556634093473611,0.6699011847872467,0.7950125002604554,0.9081941761941956,0.970594663305361,0.0625222825712741,36925,0.8272866644910245,0.9852948237462883,0.9990868863588163,1.0,1.0,0.9553827749077249,0.049619867347258304,36835,0.8720418148850377,0.9345700452356591,0.9657748693640481,0.9931697395748973,0.9995617761253368,10.0,0.033709612369509645,0.03200166705837815,0.023978796353856358,0.027321761670581757,10.0
