PA_name,park,buffer_km,location_outside,eii_mean_outside,eii_stdDev_outside,eii_count_outside,eii_p5_outside,eii_p25_outside,eii_p50_outside,eii_p75_outside,eii_p95_outside,functional_integrity_mean_outside,functional_integrity_stdDev_outside,functional_integrity_count_outside,functional_integrity_p5_outside,functional_integrity_p25_outside,functional_integrity_p50_outside,functional_integrity_p75_outside,functional_integrity_p95_outside,structural_integrity_mean_outside,structural_integrity_stdDev_outside,structural_integrity_count_outside,structural_integrity_p5_outside,structural_integrity_p25_outside,structural_integrity_p50_outside,structural_integrity_p75_outside,structural_integrity_p95_outside,compositional_integrity_mean_outside,compositional_integrity_stdDev_outside,compositional_integrity_count_outside,compositional_integrity_p5_outside,compositional_integrity_p25_outside,compositional_integrity_p50_outside,compositional_integrity_p75_outside,compositional_integrity_p95_outside,buffer_km_outside
BC 1,Biological Corridor 1,10.0,outside,0.7625062522106358,0.13471819702185028,14751,0.4709775527362078,0.6896027487032379,0.7988174406767576,0.865291920418335,0.9237693233931458,0.7682931169365397,0.13244687284392892,14751,0.48628966993498174,0.6934868167389651,0.8027556028572848,0.8692652791418881,0.9315783328251703,0.9597177603246738,0.08023767881507074,14751,0.7756029863603183,0.9667240412841693,0.9985554822974069,1.0,1.0,0.9245685027857642,0.05386204054596352,14735,0.8263872903323398,0.9200753921105291,0.9394483270943684,0.9511195389181263,0.966649527561839,10.0
BC 2,Biological Corridor 2,10.0,outside,0.6136748142122046,0.14515265133892338,18561,0.42383300886193614,0.5019148824068619,0.5722632812019914,0.7245183108610274,0.8769824182265771,0.6241167683997401,0.13793248857508164,18561,0.45110336736281137,0.5137227473061986,0.5799646658887501,0.7323210983320326,0.8808683307792323,0.8896867311454187,0.12735086743759366,18561,0.6110669613428111,0.8144951828047006,0.9396702514421995,0.9985817101176702,1.0,0.9032724502153041,0.08601740379221984,18554,0.7207350181167737,0.8770121145611028,0.9356714010205645,0.9588321326526084,0.9743915179119521,10.0
BC 3,Biological Corridor 3,10.0,outside,0.5460975391239834,0.11481411027599657,23530,0.42787548641537393,0.45894305016221937,0.5097742429932828,0.6228487695468696,0.7675900701946807,0.5606406520913019,0.11275076705899241,23530,0.43557859296074297,0.46672341061763317,0.5293757360344602,0.6386484117124395,0.7789470796390163,0.8891804415449261,0.14920636245610558,23530,0.588522155370031,0.8181785760413386,0.9667341425923236,0.9988216105483668,1.0,0.9323533874351507,0.07117420544125712,23523,0.7867679891396887,0.927860298756991,0.9512565908009261,0.9709016361167122,0.9823009652705459,10.0
BC 4,Biological Corridor 4,10.0,outside,0.6495160786855353,0.12528868976925497,22948,0.46677070303685697,0.5489984055134767,0.6426755902186142,0.7402227104228604,0.8728651992466573,0.6530604268012663,0.12565127829962736,22948,0.46692556600702195,0.5526230138380558,0.6463006182229766,0.7441430537956873,0.8729465752402442,0.9343841579719534,0.08343028130761987,22948,0.754836982085761,0.8897290041279,0.9753997633005423,1.0,1.0,0.9554723670196608,0.03579349133868944,22946,0.9072966940020438,0.9463000445103161,0.9638692128905312,0.9755471753135548,0.9833520161567475,10.0
BC 5,Biological Corridor 5,10.0,outside,0.4963490402592924,0.09013317619180067,9935,0.42403047825595486,0.4355221847839971,0.4550088462801165,0.5291914385906036,0.6934137293862891,0.5074607971949591,0.09844192361632333,9935,0.4280050661626971,0.4432781302478131,0.4627928736539736,0.544921774891255,0.7244337161572192,0.8610307173062145,0.10912638954788552,9935,0.7088871267514107,0.7833401475481374,0.8690539267781663,0.9553565591160443,0.9901853695674636,0.914717759414109,0.053531237623472935,9934,0.8185251989694828,0.9082813367088531,0.9276777371376144,0.9394396178981363,0.9586879640246913,10.0
BC 6,Biological Corridor 6,10.0,outside,0.6489246186119928,0.12987163835435378,14196,0.4512878937210238,0.5528287950464194,0.6347279007396935,0.743933643396859,0.8769650430072086,0.6505552908186222,0.1291917395397525,14196,0.4513959054656532,0.5567248078857079,0.6386639680600029,0.7441013369079145,0.8769728015640175,0.9690707527382809,0.05667008978420414,14196,0.8369215623102055,0.963756025564851,0.9932999626831365,0.9993327852440986,1.0,0.9503284200093408,0.04133362008179269,14196,0.8798738949960764,0.9463168419780669,0.961946809379731,0.9717492727414906,0.9794968148943729,10.0
BC 7,Biological Corridor 7,10.0,outside,0.6855555270450787,0.14318522346759818,27603,0.4666773088440976,0.5604648868360537,0.6855452847965495,0.8065049734349664,0.9121869900392038,0.6865659993899439,0.14301069630546617,27603,0.46665938292184106,0.5604814984904971,0.6855714869693657,0.806500156393075,0.9121608673614282,0.9805869093760294,0.033582988167334,27603,0.9048115856969549,0.9722501071524473,0.9987518706905455,1.0,1.0,0.9614103899571014,0.039769186107872875,27595,0.899443799211208,0.9560727916192526,0.9716830649860597,0.9814632836205142,0.9951056750707676,10.0
BC 8,Biological Corridor 8,10.0,outside,0.6521035640188191,0.13738721176571975,27823,0.4668593528373852,0.5292977454041067,0.6387011914398779,0.7637733075083047,0.8887148322786669,0.6572008955726751,0.13610427232728528,27823,0.47077105386689394,0.5410038669812375,0.6425651710539174,0.7674465929975531,0.8925388402796336,0.939197381782099,0.08977803546688366,27823,0.7413238638486618,0.8937172882534175,0.9931140940728805,0.9992316311408161,1.0,0.9267812617047346,0.06333136450884998,27815,0.7898988127708435,0.9111493071082744,0.9443033733876135,0.9676450585052128,0.9853336236196025,10.0
BC 9,Biological Corridor 9,10.0,outside,0.6612458170090488,0.14278402835404436,14636,0.4511980963599325,0.5332094218343227,0.6542618316310499,0.7792523709915374,0.8964173483594773,0.6653205048185626,0.14048999639464685,14636,0.4590022239035224,0.5449788968995948,0.6582056312468505,0.7793405198364357,0.8964414079022343,0.9368017260417847,0.08174762447047167,14636,0.7452549621019869,0.8896768983510162,0.975366926365048,0.9994031692453674,1.0,0.9366542114720787,0.06402101147850248,14627,0.7705258093774319,0.9385469679076825,0.9559640746273618,0.9716474344274981,0.9833496673119501,10.0
BWS,Bumdeling Wildlife Sanctuary,10.0,outside,0.6521747168349451,0.1362473320782105,19102,0.4550293070553182,0.5370673784041292,0.6382449734781793,0.7596640600738106,0.8924495871029451,0.653988564077906,0.13555082250166842,19102,0.45912472398151566,0.5411192789962596,0.6425235066689481,0.7597270558292555,0.8924475576706442,0.9654291019516157,0.05060495358290074,19102,0.8563271410115318,0.9444196510594208,0.9912159369472427,0.9990273869109261,1.0,0.949020030802275,0.051647095816300934,19095,0.8268998968656418,0.946309919353054,0.9599949516036896,0.9735497102683301,0.9951639044324331,10.0
JDWNP,Jigme Dorji Wangchuch National Park,10.0,outside,0.6597615498133811,0.14606249726528037,26920,0.43926219864873906,0.5448999178429622,0.6424985246614421,0.7833171146874294,0.9003254974372267,0.6647672563552173,0.14280275674445356,26920,0.4589802216209084,0.5528199481333828,0.6425284396213425,0.7832848065976931,0.9079888831170926,0.9504589767620498,0.0889071279333346,26920,0.7456156586622843,0.9492414269696816,0.9968214694411253,0.9968214694411253,1.0,0.9324818002977528,0.07805005785983907,26815,0.795107549779044,0.9042156816282242,0.9432714823730112,0.9996013589408825,0.9996013589408825,10.0
JKSNR,Jigme Khesar Strick Nature Reserve,10.0,outside,0.7052261741838449,0.13273721947567932,15073,0.5058520513762285,0.5839023450866013,0.7087807887259292,0.8182747022931076,0.9079743842663248,0.7086593420907348,0.13374167774118137,15073,0.5060115260820763,0.5879364467555313,0.7130073151757504,0.8222288803018835,0.915877186801946,0.954788609350592,0.06194112333933464,15073,0.8273340954823424,0.9364178053735506,0.979492010672957,0.9970722494468518,1.0,0.9442593774855951,0.03331814005119949,15071,0.893442046832071,0.9346259800284776,0.950118843850562,0.9638426444652404,0.977574720194202,10.0
JSWNP,Jigme Singye Wangchuck National Park,10.0,outside,0.6119333245786598,0.12482815640980936,28338,0.45516868625786516,0.509623316954114,0.5839477709378101,0.6973003208866447,0.8534449925602153,0.6181354369442646,0.12438400891871847,28338,0.4591147438376152,0.5175841909431373,0.5918665247027343,0.705091819994948,0.8574297158599211,0.9057929158883677,0.09708888061517722,28338,0.7177542060069743,0.8427855963008937,0.9307220832822833,0.9953740165042723,1.0,0.9294215013256455,0.05492019739680937,28337,0.8271246856214223,0.9189954874365837,0.9423903334003803,0.9618755212155761,0.9774812661071712,10.0
JWS,Jomotsangkha Wildlife Sanctuary,10.0,outside,0.6220460051560383,0.11735077946915409,7690,0.44314511189759215,0.5332739055818077,0.6034354959785594,0.7090327532195758,0.8340393746304227,0.6266292810300573,0.1155786191033361,7690,0.4471576393644881,0.5410985449523308,0.607204577925468,0.7126944689280177,0.8341531497033604,0.9276814291049529,0.08692341877693237,7690,0.7598470025749718,0.8888293724103555,0.9551489797285782,0.9938582686631844,0.9990060749404575,0.9358282330458103,0.05294469689832036,7689,0.8504205441512698,0.9248484624271192,0.9462713324980744,0.9677527977114452,0.9794367691236737,10.0
PWS,Phibsoo Wildlife Sanctuary,10.0,outside,0.5317847742260836,0.0853278966945353,8917,0.4346112202323882,0.46185974652350426,0.5088316844179065,0.5850877557930193,0.7001884839040732,0.5403366226110575,0.0912373489124577,8917,0.43556730380700615,0.4667867878599734,0.5176383955824231,0.5956031063027569,0.7169843345295542,0.8797739812197194,0.1141516910083415,8917,0.6709910221652757,0.7940043572623595,0.9131078688259721,0.9815217642724525,1.0,0.9318860888263297,0.061404212660015445,8902,0.8190079728762308,0.9266457461859402,0.9463553034233362,0.9658168540366802,0.9756004230257875,10.0
PNP,Phrumsengla National Park,10.0,outside,0.6731548567691581,0.13775412905391424,25914,0.4746423620727071,0.5488645035238486,0.6699590914008098,0.7871797578782291,0.9003390218528233,0.6780749652356123,0.13845685338114877,25914,0.47849289492789343,0.55654353781587,0.6699826259830348,0.7948725883485555,0.9081326580256802,0.9450572305293681,0.0830339374285636,25914,0.7336106119902579,0.9227488106789508,0.9873556661939754,1.0,1.0,0.9459060548625128,0.05026296425617861,25910,0.8390655537644526,0.9384575141325393,0.9599292804931195,0.9755873690611208,0.9853325662013327,10.0
RBP,Royal Botanical Park,10.0,outside,0.5286527016854433,0.12871566258175185,10000,0.3690864859205304,0.4392922145121407,0.5019354473612482,0.575975700239843,0.7984680235385895,0.549796260801484,0.11654585732748063,10000,0.4316154685077476,0.46292031456749055,0.5174690989817645,0.5836951096294215,0.8106375795144302,0.8190235852491236,0.15578290536564746,10000,0.5566027673582236,0.6854101560371262,0.8532954628707226,0.9629187407556549,0.9984276709009927,0.8396311658536871,0.11776542664964548,9988,0.5798812806657667,0.8065301304440629,0.8769588039367441,0.9239287689597743,0.9551847273258308,10.0
RMNP,Royal Manas National Park,10.0,outside,0.5440752340429705,0.10595162781078046,17746,0.4356412449038394,0.4589688354178281,0.5137179285839631,0.611353957649856,0.7560541288241804,0.5543394958465773,0.10572476530606456,17746,0.4433767311302164,0.46679599490476903,0.5254035801498005,0.6229597761036263,0.7712823664039954,0.8654717428498409,0.11827867110743603,17746,0.6737056041528657,0.8026795754345353,0.8846887937181993,0.9589454881033622,0.998273099433744,0.9341528399460164,0.05248134466909551,17737,0.8732315279232352,0.9239274173888598,0.9394413239788537,0.9629105405066254,0.9825256563494128,10.0
SWS,Sakteng Wildlife Sanctuary,10.0,outside,0.6487470804282535,0.1433589597820851,8216,0.4354945626365556,0.5408555056926478,0.6272202187350818,0.7638689682556833,0.892704117929171,0.65074147498778,0.1426929132639537,8216,0.43943067262235014,0.5448444436411911,0.6310194325142138,0.7674734091747761,0.8963288446839762,0.9694290356407356,0.04487077970997784,8216,0.8667045441537476,0.9604079680926104,0.9908053893241638,1.0,1.0,0.9463514818760919,0.05769879335027607,8216,0.80952478117413,0.9463581725643997,0.9658104099463806,0.9736024072587902,0.9815166852543632,10.0
WCNP,Wangchuck Centennial National Park,10.0,outside,0.6760838738007323,0.13986824397083492,36925,0.4785657896885117,0.5527568477546411,0.6659880647399186,0.795052132326121,0.9081725345827505,0.6779524766209133,0.13908270223309038,36925,0.4823338082876321,0.556634093473611,0.6699011847872467,0.7950125002604554,0.9081941761941956,0.970594663305361,0.0625222825712741,36925,0.8272866644910245,0.9852948237462883,0.9990868863588163,1.0,1.0,0.9553827749077249,0.049619867347258304,36835,0.8720418148850377,0.9345700452356591,0.9657748693640481,0.9931697395748973,0.9995617761253368,10.0
